,Char,Unicode,Neg,Neut,Pos,Sentiment score,Emot_Intensity
1,ğŸ˜‚,0x1f602,0.247,0.285,0.468,0.221,0.6105
2,â¤,0x2764,0.044,0.166,0.79,0.746,0.873
3,â™¥,0x2665,0.035,0.272,0.693,0.657,0.8285
4,ğŸ˜,0x1f60d,0.052,0.219,0.729,0.678,0.839
5,ğŸ˜­,0x1f62d,0.436,0.22,0.343,-0.093,0.5465
6,ğŸ˜˜,0x1f618,0.053,0.193,0.754,0.701,0.8505
7,ğŸ˜Š,0x1f60a,0.06,0.237,0.704,0.644,0.8220000000000001
8,ğŸ‘Œ,0x1f44c,0.094,0.249,0.657,0.563,0.7815
9,ğŸ’•,0x1f495,0.042,0.285,0.674,0.632,0.8160000000000001
10,ğŸ‘,0x1f44f,0.104,0.271,0.624,0.52,0.76
11,ğŸ˜,0x1f601,0.127,0.296,0.577,0.449,0.7245
12,â˜º,0x263a,0.062,0.218,0.72,0.657,0.8285
13,â™¡,0x2661,0.052,0.227,0.721,0.669,0.8345
14,ğŸ‘,0x1f44d,0.115,0.248,0.637,0.521,0.7605
15,ğŸ˜©,0x1f629,0.591,0.186,0.223,-0.368,0.6839999999999999
16,ğŸ™,0x1f64f,0.081,0.421,0.498,0.417,0.7085
17,âœŒ,0x270c,0.113,0.31,0.576,0.463,0.7315
18,ğŸ˜,0x1f60f,0.112,0.444,0.444,0.332,0.666
19,ğŸ˜‰,0x1f609,0.1,0.337,0.563,0.463,0.7315
20,ğŸ™Œ,0x1f64c,0.101,0.238,0.661,0.559,0.7795000000000001
21,ğŸ™ˆ,0x1f648,0.164,0.241,0.596,0.432,0.716
22,ğŸ’ª,0x1f4aa,0.072,0.301,0.627,0.555,0.7775000000000001
23,ğŸ˜„,0x1f604,0.137,0.305,0.558,0.421,0.7105
24,ğŸ˜’,0x1f612,0.591,0.192,0.217,-0.374,0.687
25,ğŸ’ƒ,0x1f483,0.045,0.177,0.779,0.734,0.867
26,ğŸ’–,0x1f496,0.043,0.201,0.755,0.712,0.856
27,ğŸ˜ƒ,0x1f603,0.072,0.299,0.629,0.557,0.7785
28,ğŸ˜”,0x1f614,0.464,0.219,0.318,-0.146,0.573
29,ğŸ˜±,0x1f631,0.264,0.282,0.454,0.19,0.595
30,ğŸ‰,0x1f389,0.039,0.184,0.777,0.738,0.869
31,ğŸ˜œ,0x1f61c,0.112,0.322,0.566,0.455,0.7275
32,â˜¯,0x262f,0.006,0.987,0.007,0.001,0.5005
33,ğŸŒ¸,0x1f338,0.04,0.27,0.69,0.65,0.825
34,ğŸ’œ,0x1f49c,0.045,0.257,0.699,0.654,0.827
35,ğŸ’™,0x1f499,0.033,0.204,0.763,0.73,0.865
36,âœ¨,0x2728,0.052,0.545,0.403,0.351,0.6755
37,ğŸ˜³,0x1f633,0.327,0.327,0.345,0.018,0.509
38,ğŸ’—,0x1f497,0.051,0.241,0.708,0.657,0.8285
39,â˜…,0x2605,0.031,0.655,0.314,0.283,0.6415
40,â–ˆ,0x2588,0.09,0.853,0.057,-0.032,0.516
41,â˜€,0x2600,0.028,0.479,0.493,0.465,0.7325
42,ğŸ˜¡,0x1f621,0.532,0.108,0.36,-0.173,0.5865
43,ğŸ˜,0x1f60e,0.106,0.297,0.597,0.491,0.7455
44,ğŸ˜¢,0x1f622,0.384,0.225,0.391,0.007,0.5035
45,ğŸ’‹,0x1f48b,0.039,0.231,0.73,0.691,0.8454999999999999
46,ğŸ˜‹,0x1f60b,0.046,0.277,0.677,0.631,0.8155
47,ğŸ™Š,0x1f64a,0.135,0.272,0.593,0.459,0.7295
48,ğŸ˜´,0x1f634,0.422,0.237,0.341,-0.08,0.54
49,ğŸ¶,0x1f3b6,0.097,0.27,0.634,0.537,0.7685
50,ğŸ’,0x1f49e,0.041,0.18,0.78,0.739,0.8694999999999999
51,ğŸ˜Œ,0x1f60c,0.141,0.237,0.623,0.482,0.741
52,ğŸ”¥,0x1f525,0.124,0.613,0.263,0.139,0.5695
53,ğŸ’¯,0x1f4af,0.281,0.317,0.402,0.12,0.56
54,ğŸ”«,0x1f52b,0.493,0.209,0.298,-0.194,0.597
55,ğŸ’›,0x1f49b,0.043,0.205,0.752,0.709,0.8545
56,ğŸ’,0x1f481,0.192,0.29,0.518,0.326,0.663
57,ğŸ’š,0x1f49a,0.078,0.189,0.733,0.656,0.8280000000000001
58,â™«,0x266b,0.063,0.586,0.351,0.287,0.6435
59,ğŸ˜,0x1f61e,0.479,0.161,0.361,-0.118,0.5589999999999999
60,ğŸ˜†,0x1f606,0.155,0.281,0.564,0.409,0.7045
61,ğŸ˜,0x1f61d,0.132,0.313,0.555,0.423,0.7115
62,ğŸ˜ª,0x1f62a,0.431,0.219,0.351,-0.08,0.54
63,ï¿½,0xfffd,0.166,0.581,0.253,0.086,0.543
64,ğŸ˜«,0x1f62b,0.485,0.174,0.34,-0.145,0.5725
65,ğŸ˜…,0x1f605,0.292,0.237,0.471,0.178,0.589
66,ğŸ‘Š,0x1f44a,0.265,0.243,0.492,0.228,0.614
67,ğŸ’€,0x1f480,0.468,0.27,0.261,-0.207,0.6035
68,ğŸ˜€,0x1f600,0.086,0.26,0.654,0.568,0.784
69,ğŸ˜š,0x1f61a,0.049,0.192,0.759,0.71,0.855
70,ğŸ˜»,0x1f63b,0.069,0.243,0.688,0.619,0.8095
71,Â©,0xa9,0.131,0.621,0.248,0.117,0.5585
72,ğŸ‘€,0x1f440,0.228,0.482,0.291,0.063,0.5315
73,ğŸ’˜,0x1f498,0.048,0.221,0.731,0.683,0.8415
74,ğŸ“,0x1f413,0.109,0.755,0.137,0.028,0.514
75,â˜•,0x2615,0.14,0.475,0.384,0.244,0.622
76,ğŸ‘‹,0x1f44b,0.158,0.27,0.571,0.413,0.7065
77,âœ‹,0x270b,0.328,0.218,0.454,0.126,0.563
78,ğŸŠ,0x1f38a,0.057,0.164,0.779,0.721,0.8605
79,ğŸ•,0x1f355,0.056,0.47,0.473,0.417,0.7085
80,â„,0x2744,0.099,0.295,0.605,0.506,0.753
81,ğŸ˜¥,0x1f625,0.317,0.244,0.439,0.122,0.5609999999999999
82,ğŸ˜•,0x1f615,0.601,0.195,0.204,-0.397,0.6985
83,ğŸ’¥,0x1f4a5,0.072,0.708,0.22,0.148,0.574
84,ğŸ’”,0x1f494,0.414,0.293,0.293,-0.121,0.5605
85,ğŸ˜¤,0x1f624,0.479,0.252,0.27,-0.209,0.6045
86,ğŸ˜ˆ,0x1f608,0.204,0.326,0.47,0.265,0.6325000000000001
87,â–º,0x25ba,0.125,0.588,0.287,0.162,0.581
88,âœˆ,0x2708,0.043,0.498,0.458,0.415,0.7075
89,ğŸ”,0x1f51d,0.088,0.35,0.562,0.474,0.737
90,ğŸ˜°,0x1f630,0.436,0.148,0.416,-0.02,0.51
91,âš½,0x26bd,0.053,0.278,0.669,0.616,0.808
92,ğŸ˜‘,0x1f611,0.513,0.285,0.202,-0.311,0.6555
93,ğŸ‘‘,0x1f451,0.043,0.219,0.738,0.694,0.847
94,ğŸ˜¹,0x1f639,0.299,0.262,0.44,0.141,0.5705
95,ğŸ‘‰,0x1f449,0.071,0.468,0.461,0.39,0.6950000000000001
96,ğŸƒ,0x1f343,0.102,0.418,0.48,0.378,0.6890000000000001
97,ğŸ,0x1f381,0.041,0.158,0.801,0.759,0.8795
98,ğŸ˜ ,0x1f620,0.564,0.172,0.265,-0.299,0.6495
99,ğŸ§,0x1f427,0.042,0.46,0.498,0.456,0.728
100,â˜†,0x2606,0.032,0.509,0.46,0.428,0.714
101,ğŸ€,0x1f340,0.025,0.665,0.31,0.285,0.6425
102,ğŸˆ,0x1f388,0.018,0.246,0.736,0.718,0.859
103,ğŸ…,0x1f385,0.029,0.625,0.347,0.318,0.659
104,ğŸ˜“,0x1f613,0.431,0.217,0.351,-0.08,0.54
105,ğŸ˜£,0x1f623,0.54,0.131,0.328,-0.212,0.606
106,ğŸ˜,0x1f610,0.553,0.282,0.165,-0.388,0.694
107,âœŠ,0x270a,0.139,0.293,0.568,0.429,0.7145
108,ğŸ˜¨,0x1f628,0.434,0.272,0.294,-0.14,0.5700000000000001
109,ğŸ˜–,0x1f616,0.483,0.188,0.328,-0.155,0.5775
110,ğŸ’¤,0x1f4a4,0.144,0.341,0.515,0.37,0.685
111,ğŸ’“,0x1f493,0.061,0.214,0.725,0.664,0.8320000000000001
112,ğŸ‘,0x1f44e,0.494,0.199,0.307,-0.188,0.594
113,ğŸ’¦,0x1f4a6,0.141,0.247,0.612,0.471,0.7355
114,âœ”,0x2714,0.127,0.476,0.397,0.27,0.635
115,ğŸ˜·,0x1f637,0.474,0.221,0.305,-0.169,0.5845
116,âš¡,0x26a1,0.044,0.735,0.221,0.177,0.5885
117,ğŸ™‹,0x1f64b,0.13,0.255,0.615,0.485,0.7424999999999999
118,ğŸ„,0x1f384,0.067,0.335,0.598,0.531,0.7655000000000001
119,ğŸ’©,0x1f4a9,0.409,0.297,0.293,-0.116,0.558
120,ğŸµ,0x1f3b5,0.106,0.288,0.606,0.5,0.75
121,â¡,0x27a1,0.013,0.827,0.16,0.147,0.5735
122,ğŸ˜›,0x1f61b,0.085,0.229,0.686,0.601,0.8005
123,ğŸ˜¬,0x1f62c,0.267,0.272,0.461,0.194,0.597
124,ğŸ‘¯,0x1f46f,0.117,0.327,0.556,0.439,0.7195
125,ğŸ’,0x1f48e,0.057,0.325,0.618,0.561,0.7805
126,ğŸŒ¿,0x1f33f,0.009,0.597,0.393,0.384,0.692
127,ğŸ‚,0x1f382,0.083,0.221,0.696,0.613,0.8065
128,ğŸŒŸ,0x1f31f,0.059,0.554,0.386,0.327,0.6635
129,ğŸ”®,0x1f52e,0.035,0.663,0.302,0.267,0.6335
130,â—,0x2757,0.159,0.582,0.259,0.1,0.55
131,ğŸ‘«,0x1f46b,0.22,0.305,0.475,0.255,0.6275
132,ğŸ†,0x1f3c6,0.036,0.203,0.761,0.726,0.863
133,âœ–,0x2716,0.046,0.597,0.357,0.311,0.6555
134,â˜,0x261d,0.144,0.402,0.454,0.309,0.6545
135,ğŸ˜™,0x1f619,0.021,0.18,0.799,0.778,0.889
136,â›„,0x26c4,0.077,0.325,0.598,0.521,0.7605
137,ğŸ‘…,0x1f445,0.124,0.29,0.585,0.461,0.7305
138,â™ª,0x266a,0.083,0.301,0.617,0.534,0.767
139,ğŸ‚,0x1f342,0.036,0.38,0.583,0.547,0.7735000000000001
140,ğŸ’,0x1f48f,0.181,0.25,0.569,0.388,0.694
141,ğŸ”ª,0x1f52a,0.21,0.511,0.28,0.07,0.535
142,ğŸŒ´,0x1f334,0.077,0.32,0.602,0.525,0.7625
143,ğŸ‘ˆ,0x1f448,0.085,0.407,0.508,0.424,0.712
144,ğŸŒ¹,0x1f339,0.023,0.354,0.623,0.6,0.8
145,ğŸ™†,0x1f646,0.092,0.316,0.592,0.5,0.75
146,âœ,0x279c,0.052,0.734,0.214,0.162,0.581
147,ğŸ‘»,0x1f47b,0.17,0.433,0.398,0.228,0.614
148,ğŸ’°,0x1f4b0,0.158,0.433,0.409,0.251,0.6255
149,ğŸ»,0x1f37b,0.107,0.274,0.619,0.512,0.756
150,ğŸ™…,0x1f645,0.458,0.286,0.256,-0.202,0.601
151,ğŸŒ,0x1f31e,0.024,0.394,0.582,0.558,0.779
152,ğŸ,0x1f341,0.037,0.445,0.518,0.482,0.741
153,â­,0x2b50,0.037,0.346,0.617,0.58,0.79
154,â–ª,0x25aa,0.099,0.605,0.296,0.198,0.599
155,ğŸ€,0x1f380,0.044,0.283,0.673,0.629,0.8145
156,â”,0x2501,0.094,0.635,0.27,0.176,0.588
157,â˜·,0x2637,0.019,0.898,0.083,0.064,0.532
158,ğŸ·,0x1f437,0.077,0.477,0.445,0.368,0.6839999999999999
159,ğŸ™‰,0x1f649,0.176,0.314,0.51,0.333,0.6665
160,ğŸŒº,0x1f33a,0.02,0.412,0.569,0.549,0.7745
161,ğŸ’…,0x1f485,0.184,0.243,0.572,0.388,0.694
162,ğŸ¶,0x1f436,0.086,0.252,0.662,0.576,0.788
163,ğŸŒš,0x1f31a,0.159,0.219,0.623,0.464,0.732
164,ğŸ‘½,0x1f47d,0.094,0.497,0.409,0.315,0.6575
165,ğŸ¤,0x1f3a4,0.122,0.279,0.599,0.476,0.738
166,ğŸ‘­,0x1f46d,0.143,0.252,0.605,0.463,0.7315
167,ğŸ§,0x1f3a7,0.131,0.324,0.545,0.414,0.707
168,ğŸ‘†,0x1f446,0.121,0.433,0.447,0.326,0.663
169,ğŸ¸,0x1f378,0.092,0.277,0.631,0.539,0.7695000000000001
170,ğŸ·,0x1f377,0.057,0.493,0.45,0.393,0.6965
171,Â®,0xae,0.071,0.579,0.35,0.279,0.6395
172,ğŸ‰,0x1f349,0.079,0.245,0.676,0.597,0.7985
173,ğŸ˜‡,0x1f607,0.072,0.268,0.659,0.587,0.7935
174,â˜‘,0x2611,0.022,0.855,0.123,0.101,0.5505
175,ğŸƒ,0x1f3c3,0.094,0.406,0.5,0.406,0.7030000000000001
176,ğŸ˜¿,0x1f63f,0.577,0.219,0.204,-0.372,0.6859999999999999
177,â”‚,0x2502,0.007,0.642,0.35,0.343,0.6715
178,ğŸ’£,0x1f4a3,0.306,0.381,0.313,0.007,0.5035
179,ğŸº,0x1f37a,0.067,0.373,0.56,0.493,0.7464999999999999
180,â–¶,0x25b6,0.06,0.672,0.269,0.209,0.6045
181,ğŸ˜²,0x1f632,0.386,0.295,0.318,-0.068,0.534
182,ğŸ¸,0x1f3b8,0.016,0.453,0.531,0.516,0.758
183,ğŸ¹,0x1f379,0.048,0.246,0.706,0.659,0.8295
184,ğŸ’«,0x1f4ab,0.04,0.419,0.54,0.5,0.75
185,ğŸ“š,0x1f4da,0.189,0.287,0.525,0.336,0.668
186,ğŸ˜¶,0x1f636,0.425,0.292,0.283,-0.142,0.571
187,ğŸŒ·,0x1f337,0.008,0.445,0.546,0.538,0.769
188,ğŸ’,0x1f49d,0.076,0.203,0.72,0.644,0.8220000000000001
189,ğŸ’¨,0x1f4a8,0.11,0.398,0.492,0.381,0.6905
190,ğŸˆ,0x1f3c8,0.068,0.333,0.598,0.53,0.765
191,ğŸ’,0x1f48d,0.148,0.226,0.626,0.478,0.739
192,â˜”,0x2614,0.193,0.325,0.482,0.289,0.6445
193,ğŸ‘¸,0x1f478,0.061,0.272,0.667,0.605,0.8025
194,ğŸ‡ª,0x1f1ea,0.027,0.33,0.643,0.616,0.808
195,â–‘,0x2591,0.234,0.577,0.189,-0.045,0.5225
196,ğŸ©,0x1f369,0.145,0.327,0.527,0.382,0.6910000000000001
197,ğŸ‘¾,0x1f47e,0.019,0.602,0.38,0.361,0.6805
198,â˜,0x2601,0.14,0.411,0.449,0.308,0.654
199,ğŸŒ»,0x1f33b,0.019,0.393,0.589,0.57,0.7849999999999999
200,ğŸ˜µ,0x1f635,0.321,0.274,0.406,0.085,0.5425
201,ğŸ“’,0x1f4d2,0.01,0.943,0.048,0.038,0.519
202,â†¿,0x21bf,0.01,0.333,0.657,0.648,0.8240000000000001
203,ğŸ¯,0x1f42f,0.049,0.427,0.524,0.476,0.738
204,ğŸ‘¼,0x1f47c,0.176,0.314,0.51,0.333,0.6665
205,ğŸ”,0x1f354,0.168,0.386,0.446,0.277,0.6385000000000001
206,ğŸ˜¸,0x1f638,0.12,0.35,0.53,0.41,0.705
207,ğŸ‘¶,0x1f476,0.141,0.283,0.576,0.434,0.717
208,â†¾,0x21be,0.01,0.333,0.657,0.646,0.823
209,ğŸ’,0x1f490,0.041,0.184,0.776,0.735,0.8674999999999999
210,ğŸŒŠ,0x1f30a,0.092,0.316,0.592,0.5,0.75
211,ğŸ¦,0x1f366,0.143,0.255,0.602,0.459,0.7295
212,ğŸ“,0x1f353,0.041,0.247,0.711,0.67,0.835
213,ğŸ‘‡,0x1f447,0.144,0.464,0.392,0.247,0.6234999999999999
214,ğŸ’†,0x1f486,0.263,0.253,0.484,0.221,0.6105
215,ğŸ´,0x1f374,0.053,0.358,0.589,0.537,0.7685
216,ğŸ˜§,0x1f627,0.389,0.284,0.326,-0.063,0.5315
217,ğŸ‡¸,0x1f1f8,0.096,0.298,0.606,0.511,0.7555000000000001
218,ğŸ˜®,0x1f62e,0.183,0.366,0.452,0.269,0.6345000000000001
219,â–“,0x2593,0.032,0.925,0.043,0.011,0.5055
220,ğŸš«,0x1f6ab,0.538,0.363,0.099,-0.44,0.72
221,ğŸ˜½,0x1f63d,0.132,0.165,0.703,0.571,0.7855
222,ğŸŒˆ,0x1f308,0.066,0.352,0.582,0.516,0.758
223,ğŸ™€,0x1f640,0.165,0.341,0.495,0.33,0.665
224,âš ,0x26a0,0.187,0.692,0.121,-0.066,0.533
225,ğŸ®,0x1f3ae,0.101,0.371,0.528,0.427,0.7135
226,â•¯,0x256f,0.23,0.552,0.218,-0.011,0.5055
227,ğŸ†,0x1f346,0.08,0.437,0.483,0.402,0.7010000000000001
228,ğŸ°,0x1f370,0.161,0.23,0.609,0.448,0.724
229,âœ“,0x2713,0.115,0.483,0.402,0.287,0.6435
230,ğŸ‘,0x1f450,0.395,0.233,0.372,-0.023,0.5115
231,ğŸ™‡,0x1f647,0.291,0.279,0.43,0.14,0.5700000000000001
232,ğŸŸ,0x1f35f,0.174,0.349,0.477,0.302,0.651
233,ğŸŒ,0x1f34c,0.129,0.306,0.565,0.435,0.7175
234,ğŸ’‘,0x1f491,0.071,0.2,0.729,0.659,0.8295
235,ğŸ‘¬,0x1f46c,0.353,0.353,0.294,-0.059,0.5295
236,ğŸ£,0x1f423,0.155,0.214,0.631,0.476,0.738
237,ğŸƒ,0x1f383,0.083,0.238,0.679,0.595,0.7975
238,â–¬,0x25ac,0.012,0.512,0.476,0.464,0.732
239,ï¿¼,0xfffc,0.536,0.405,0.06,-0.476,0.738
240,ğŸ˜Ÿ,0x1f61f,0.349,0.229,0.422,0.072,0.536
241,ğŸ¾,0x1f43e,0.111,0.173,0.716,0.605,0.8025
242,ğŸ“,0x1f393,0.1,0.238,0.663,0.563,0.7815
243,ğŸŠ,0x1f3ca,0.038,0.35,0.613,0.575,0.7875
244,ğŸ«,0x1f36b,0.291,0.266,0.443,0.152,0.576
245,ğŸ“·,0x1f4f7,0.101,0.367,0.532,0.43,0.715
246,ğŸ‘„,0x1f444,0.077,0.372,0.551,0.474,0.737
247,ğŸŒ¼,0x1f33c,0.026,0.169,0.805,0.779,0.8895
248,ğŸš¶,0x1f6b6,0.377,0.39,0.234,-0.143,0.5715
249,ğŸ±,0x1f431,0.145,0.197,0.658,0.513,0.7565
250,â•‘,0x2551,0.013,0.829,0.158,0.145,0.5725
251,ğŸ¸,0x1f438,0.333,0.413,0.253,-0.08,0.54
252,ğŸ‡º,0x1f1fa,0.122,0.216,0.662,0.541,0.7705
253,ğŸ‘¿,0x1f47f,0.658,0.219,0.123,-0.534,0.767
254,ğŸš¬,0x1f6ac,0.123,0.233,0.644,0.521,0.7605
255,âœ¿,0x273f,0.041,0.534,0.425,0.384,0.692
256,ğŸ“–,0x1f4d6,0.268,0.296,0.437,0.169,0.5845
257,ğŸ’,0x1f412,0.028,0.423,0.549,0.521,0.7605
258,ğŸŒ,0x1f30d,0.085,0.239,0.676,0.592,0.796
259,â”Š,0x250a,0.014,0.014,0.972,0.958,0.979
260,ğŸ¥,0x1f425,0.071,0.271,0.657,0.586,0.7929999999999999
261,ğŸŒ€,0x1f300,0.159,0.58,0.261,0.101,0.5505
262,ğŸ¼,0x1f43c,0.072,0.594,0.333,0.261,0.6305000000000001
263,ğŸ¥,0x1f3a5,0.13,0.449,0.42,0.29,0.645
264,ğŸ’„,0x1f484,0.101,0.362,0.536,0.435,0.7175
265,ğŸ’¸,0x1f4b8,0.246,0.348,0.406,0.159,0.5795
266,â›”,0x26d4,0.088,0.338,0.574,0.485,0.7424999999999999
267,â—,0x25cf,0.132,0.559,0.309,0.176,0.588
268,ğŸ€,0x1f3c0,0.209,0.328,0.463,0.254,0.627
269,ğŸ’‰,0x1f489,0.179,0.284,0.537,0.358,0.679
270,ğŸ’Ÿ,0x1f49f,0.061,0.197,0.742,0.682,0.841
271,ğŸš—,0x1f697,0.138,0.492,0.369,0.231,0.6155
272,ğŸ˜¯,0x1f62f,0.262,0.354,0.385,0.123,0.5615
273,ğŸ“,0x1f4dd,0.138,0.492,0.369,0.231,0.6155
274,â•,0x2550,0.015,0.954,0.031,0.015,0.5075
275,â™¦,0x2666,0.109,0.328,0.563,0.453,0.7265
276,ğŸ’­,0x1f4ad,0.175,0.444,0.381,0.206,0.603
277,ğŸŒ™,0x1f319,0.066,0.279,0.656,0.59,0.7949999999999999
278,ğŸŸ,0x1f41f,0.049,0.213,0.738,0.689,0.8445
279,ğŸ‘£,0x1f463,0.115,0.426,0.459,0.344,0.6719999999999999
280,â˜,0x261e,0.016,0.852,0.131,0.115,0.5575
281,âœ‚,0x2702,0.574,0.311,0.115,-0.459,0.7295
282,ğŸ—¿,0x1f5ff,0.098,0.361,0.541,0.443,0.7215
283,ğŸ,0x1f35d,0.283,0.317,0.4,0.117,0.5585
284,ğŸ‘ª,0x1f46a,0.417,0.183,0.4,-0.017,0.5085
285,ğŸ­,0x1f36d,0.167,0.367,0.467,0.3,0.65
286,ğŸŒƒ,0x1f303,0.068,0.475,0.458,0.39,0.6950000000000001
287,âŒ,0x274c,0.254,0.22,0.525,0.271,0.6355
288,ğŸ°,0x1f430,0.086,0.241,0.672,0.586,0.7929999999999999
289,ğŸ’Š,0x1f48a,0.155,0.259,0.586,0.431,0.7155
290,ğŸš¨,0x1f6a8,0.121,0.121,0.759,0.638,0.819
291,ğŸ˜¦,0x1f626,0.544,0.281,0.175,-0.368,0.6839999999999999
292,ğŸª,0x1f36a,0.193,0.298,0.509,0.316,0.658
293,ğŸ£,0x1f363,0.446,0.339,0.214,-0.232,0.616
294,â•­,0x256d,0.071,0.696,0.232,0.161,0.5805
295,âœ§,0x2727,0.036,0.607,0.357,0.321,0.6605
296,ğŸ†,0x1f386,0.055,0.182,0.764,0.709,0.8545
297,â•®,0x256e,0.109,0.655,0.236,0.127,0.5635
298,ğŸ,0x1f38e,0.019,0.056,0.926,0.907,0.9535
299,ğŸ‡©,0x1f1e9,0.037,0.315,0.648,0.611,0.8055
300,âœ…,0x2705,0.074,0.444,0.481,0.407,0.7035
301,ğŸ‘¹,0x1f479,0.269,0.404,0.327,0.058,0.529
302,ğŸ“±,0x1f4f1,0.096,0.5,0.404,0.308,0.654
303,ğŸ™,0x1f64d,0.577,0.173,0.25,-0.327,0.6635
304,ğŸ‘,0x1f351,0.25,0.25,0.5,0.25,0.625
305,ğŸ¼,0x1f3bc,0.058,0.558,0.385,0.327,0.6635
306,ğŸ”Š,0x1f50a,0.096,0.404,0.5,0.404,0.702
307,ğŸŒŒ,0x1f30c,0.12,0.24,0.64,0.52,0.76
308,ğŸ,0x1f34e,0.14,0.4,0.46,0.32,0.66
309,ğŸ»,0x1f43b,0.14,0.28,0.58,0.44,0.72
310,â”€,0x2500,0.02,0.82,0.16,0.14,0.5700000000000001
311,â•°,0x2570,0.16,0.74,0.1,-0.06,0.53
312,ğŸ’‡,0x1f487,0.163,0.347,0.49,0.327,0.6635
313,â™¬,0x266c,0.102,0.551,0.347,0.245,0.6225
314,â™š,0x265a,0.02,0.918,0.061,0.041,0.5205
315,ğŸ”´,0x1f534,0.042,0.521,0.438,0.396,0.698
316,ğŸ±,0x1f371,0.542,0.229,0.229,-0.313,0.6565
317,ğŸŠ,0x1f34a,0.146,0.292,0.563,0.417,0.7085
318,ğŸ’,0x1f352,0.146,0.396,0.458,0.313,0.6565
319,ğŸ­,0x1f42d,0.021,0.271,0.708,0.688,0.844
320,ğŸ‘Ÿ,0x1f45f,0.125,0.333,0.542,0.417,0.7085
321,ğŸŒ,0x1f30e,0.128,0.426,0.447,0.319,0.6595
322,ğŸ,0x1f34d,0.17,0.191,0.638,0.468,0.734
323,ğŸ®,0x1f42e,0.065,0.283,0.652,0.587,0.7935
324,ğŸ“²,0x1f4f2,0.174,0.413,0.413,0.239,0.6194999999999999
325,â˜¼,0x263c,0.065,0.674,0.261,0.196,0.598
326,ğŸŒ…,0x1f305,0.156,0.333,0.511,0.356,0.6779999999999999
327,ğŸ‡·,0x1f1f7,0.044,0.244,0.711,0.667,0.8335
328,ğŸ‘ ,0x1f460,0.156,0.333,0.511,0.356,0.6779999999999999
329,ğŸŒ½,0x1f33d,0.133,0.289,0.578,0.444,0.722
330,ğŸ’§,0x1f4a7,0.477,0.205,0.318,-0.159,0.5795
331,â“,0x2753,0.182,0.568,0.25,0.068,0.534
332,ğŸ¬,0x1f36c,0.205,0.227,0.568,0.364,0.6819999999999999
333,ğŸ˜º,0x1f63a,0.209,0.186,0.605,0.395,0.6975
334,ğŸ´,0x1f434,0.209,0.512,0.279,0.07,0.535
335,ğŸš€,0x1f680,0.07,0.372,0.558,0.488,0.744
336,Â¦,0xa6,0.186,0.047,0.767,0.581,0.7905
337,ğŸ’¢,0x1f4a2,0.163,0.442,0.395,0.233,0.6165
338,ğŸ¬,0x1f3ac,0.07,0.581,0.349,0.279,0.6395
339,ğŸ§,0x1f367,0.233,0.233,0.535,0.302,0.651
340,ğŸœ,0x1f35c,0.233,0.14,0.628,0.395,0.6975
341,ğŸ,0x1f40f,0.07,0.302,0.628,0.558,0.779
342,ğŸ˜,0x1f418,0.233,0.512,0.256,0.023,0.5115
343,ğŸ‘§,0x1f467,0.256,0.349,0.395,0.14,0.5700000000000001
344,â €,0x2800,0.163,0.628,0.209,0.047,0.5235
345,ğŸ„,0x1f3c4,0.071,0.333,0.595,0.524,0.762
346,â¤,0x27a4,0.024,0.643,0.333,0.31,0.655
347,â¬†,0x2b06,0.048,0.619,0.333,0.286,0.643
348,ğŸ‹,0x1f34b,0.171,0.415,0.415,0.244,0.622
349,ğŸ†—,0x1f197,0.171,0.122,0.707,0.537,0.7685
350,âšª,0x26aa,0.025,0.5,0.475,0.45,0.725
351,ğŸ“º,0x1f4fa,0.1,0.425,0.475,0.375,0.6875
352,ğŸ…,0x1f345,0.25,0.15,0.6,0.35,0.675
353,â›…,0x26c5,0.125,0.3,0.575,0.45,0.725
354,ğŸ¢,0x1f422,0.175,0.45,0.375,0.2,0.6
355,ğŸ‘™,0x1f459,0.1,0.3,0.6,0.5,0.75
356,ğŸ¡,0x1f3e1,0.154,0.256,0.59,0.436,0.718
357,ğŸŒ¾,0x1f33e,0.154,0.154,0.692,0.538,0.769
358,â—‰,0x25c9,0.026,0.692,0.282,0.256,0.628
359,âœ,0x270f,0.105,0.447,0.447,0.342,0.671
360,ğŸ¬,0x1f42c,0.079,0.421,0.5,0.421,0.7105
361,ğŸ¤,0x1f364,0.184,0.579,0.237,0.053,0.5265
362,ğŸ‡¹,0x1f1f9,0.026,0.368,0.605,0.579,0.7895
363,â™£,0x2663,0.132,0.395,0.474,0.342,0.671
364,ğŸ,0x1f41d,0.158,0.474,0.368,0.211,0.6055
365,ğŸŒ,0x1f31d,0.162,0.486,0.351,0.189,0.5945
366,ğŸ‡®,0x1f1ee,0.027,0.351,0.622,0.595,0.7975
367,ğŸ”‹,0x1f50b,0.622,0.243,0.135,-0.486,0.743
368,ğŸ,0x1f40d,0.108,0.432,0.459,0.351,0.6755
369,â™”,0x2654,0.027,0.405,0.568,0.541,0.7705
370,ğŸ³,0x1f373,0.389,0.194,0.417,0.028,0.514
371,ğŸ”µ,0x1f535,0.139,0.417,0.444,0.306,0.653
372,ğŸ˜¾,0x1f63e,0.583,0.167,0.25,-0.333,0.6665
373,ğŸŒ•,0x1f315,0.111,0.222,0.667,0.556,0.778
374,ğŸ¨,0x1f428,0.139,0.278,0.583,0.444,0.722
375,ğŸ”,0x1f510,0.194,0.278,0.528,0.333,0.6665
376,ğŸ’¿,0x1f4bf,0.028,0.333,0.639,0.611,0.8055
377,â,0x2741,0.028,0.889,0.083,0.056,0.528
378,ğŸŒ³,0x1f333,0.086,0.343,0.571,0.486,0.743
379,ğŸ‘°,0x1f470,0.114,0.286,0.6,0.486,0.743
380,â€,0x2740,0.029,0.543,0.429,0.4,0.7
381,âš“,0x2693,0.086,0.257,0.657,0.571,0.7855
382,ğŸš´,0x1f6b4,0.029,0.286,0.686,0.657,0.8285
383,â–€,0x2580,0.314,0.514,0.171,-0.143,0.5715
384,ğŸ‘—,0x1f457,0.176,0.412,0.412,0.235,0.6174999999999999
385,â•,0x2795,0.147,0.176,0.676,0.529,0.7645
386,ğŸ’¬,0x1f4ac,0.152,0.333,0.515,0.364,0.6819999999999999
387,â–’,0x2592,0.091,0.848,0.061,-0.03,0.515
388,ğŸ”œ,0x1f51c,0.182,0.364,0.455,0.273,0.6365000000000001
389,ğŸ¨,0x1f368,0.273,0.242,0.485,0.212,0.606
390,ğŸ’²,0x1f4b2,0.03,0.697,0.273,0.242,0.621
391,â›½,0x26fd,0.061,0.727,0.212,0.152,0.576
392,ğŸ™,0x1f359,0.188,0.344,0.469,0.281,0.6405000000000001
393,ğŸ—,0x1f357,0.313,0.313,0.375,0.063,0.5315
394,ğŸ²,0x1f372,0.25,0.375,0.375,0.125,0.5625
395,ğŸ¥,0x1f365,0.719,0.156,0.125,-0.594,0.7969999999999999
396,â–¸,0x25b8,0.031,0.719,0.25,0.219,0.6095
397,â™›,0x265b,0.156,0.5,0.344,0.188,0.594
398,ğŸ˜¼,0x1f63c,0.194,0.258,0.548,0.355,0.6775
399,ğŸ™,0x1f419,0.097,0.419,0.484,0.387,0.6935
400,ğŸ‘¨,0x1f468,0.097,0.29,0.613,0.516,0.758
401,ğŸš,0x1f35a,0.226,0.097,0.677,0.452,0.726
402,ğŸ–,0x1f356,0.258,0.355,0.387,0.129,0.5645
403,â™¨,0x2668,0.032,0.065,0.903,0.871,0.9355
404,ğŸ¹,0x1f3b9,0.032,0.581,0.387,0.355,0.6775
405,â™•,0x2655,0.032,0.548,0.419,0.387,0.6935
406,â–ƒ,0x2583,0.032,0.032,0.935,0.903,0.9515
407,ğŸš˜,0x1f698,0.3,0.333,0.367,0.067,0.5335
408,ğŸ,0x1f34f,0.267,0.4,0.333,0.067,0.5335
409,ğŸ‘©,0x1f469,0.333,0.267,0.4,0.067,0.5335
410,ğŸ‘¦,0x1f466,0.2,0.467,0.333,0.133,0.5665
411,ğŸ‡¬,0x1f1ec,0.1,0.533,0.367,0.267,0.6335
412,ğŸ‡§,0x1f1e7,0.1,0.533,0.367,0.267,0.6335
413,â˜ ,0x2620,0.267,0.5,0.233,-0.033,0.5165
414,ğŸ ,0x1f420,0.172,0.241,0.586,0.414,0.707
415,ğŸš¹,0x1f6b9,0.069,0.172,0.759,0.69,0.845
416,ğŸ’µ,0x1f4b5,0.138,0.345,0.517,0.379,0.6895
417,âœ°,0x2730,0.034,0.138,0.828,0.793,0.8965000000000001
418,â• ,0x2560,0.034,0.724,0.241,0.207,0.6035
419,ğŸ‘›,0x1f45b,0.179,0.286,0.536,0.357,0.6785
420,ğŸš™,0x1f699,0.214,0.536,0.25,0.036,0.518
421,ğŸŒ±,0x1f331,0.036,0.357,0.607,0.571,0.7855
422,ğŸ’»,0x1f4bb,0.071,0.607,0.321,0.25,0.625
423,ğŸŒ,0x1f30f,0.143,0.393,0.464,0.321,0.6605
424,â–„,0x2584,0.321,0.429,0.25,-0.071,0.5355
425,ğŸ‘“,0x1f453,0.037,0.63,0.333,0.296,0.648
426,â—„,0x25c4,0.037,0.704,0.259,0.222,0.611
427,âš¾,0x26be,0.37,0.296,0.333,-0.037,0.5185
428,ğŸŒ²,0x1f332,0.115,0.385,0.5,0.385,0.6925
429,ğŸ‘´,0x1f474,0.231,0.308,0.462,0.231,0.6155
430,ğŸ ,0x1f3e0,0.077,0.346,0.577,0.5,0.75
431,ğŸ‡,0x1f347,0.231,0.269,0.5,0.269,0.6345000000000001
432,ğŸ˜,0x1f358,0.231,0.154,0.615,0.385,0.6925
433,ğŸ›,0x1f35b,0.346,0.269,0.385,0.038,0.519
434,ğŸ‡,0x1f407,0.192,0.385,0.423,0.231,0.6155
435,ğŸ”,0x1f51e,0.269,0.5,0.231,-0.038,0.519
436,ğŸ‘µ,0x1f475,0.231,0.115,0.654,0.423,0.7115
437,â—€,0x25c0,0.038,0.654,0.308,0.269,0.6345000000000001
438,ğŸ”™,0x1f519,0.115,0.577,0.308,0.192,0.596
439,ğŸŒµ,0x1f335,0.269,0.269,0.462,0.192,0.596
440,ğŸ½,0x1f43d,0.24,0.4,0.36,0.12,0.56
441,ğŸ®,0x1f36e,0.44,0.24,0.32,-0.12,0.56
442,ğŸ‡,0x1f387,0.08,0.16,0.76,0.68,0.8400000000000001
443,ğŸ,0x1f40e,0.12,0.36,0.52,0.4,0.7
444,â”,0x2794,0.16,0.8,0.04,-0.12,0.56
445,ğŸ’¶,0x1f4b6,0.16,0.68,0.16,0.0,0.5
446,ğŸ¤,0x1f424,0.08,0.32,0.6,0.52,0.76
447,â•©,0x2569,0.04,0.72,0.24,0.2,0.6
448,ğŸ›€,0x1f6c0,0.292,0.292,0.417,0.125,0.5625
449,ğŸŒ‘,0x1f311,0.125,0.292,0.583,0.458,0.729
450,ğŸš²,0x1f6b2,0.083,0.458,0.458,0.375,0.6875
451,ğŸ‘,0x1f411,0.292,0.583,0.125,-0.167,0.5835
452,ğŸ,0x1f3c1,0.042,0.417,0.542,0.5,0.75
453,ğŸ,0x1f35e,0.292,0.375,0.333,0.042,0.521
454,ğŸ¾,0x1f3be,0.125,0.208,0.667,0.542,0.771
455,â•š,0x255a,0.042,0.625,0.333,0.292,0.646
456,ğŸˆ¹,0x1f239,0.083,0.542,0.375,0.292,0.646
457,ğŸ³,0x1f433,0.217,0.435,0.348,0.13,0.565
458,ğŸ‘®,0x1f46e,0.478,0.391,0.13,-0.348,0.6739999999999999
459,â˜¹,0x2639,0.652,0.217,0.13,-0.522,0.761
460,ğŸµ,0x1f435,0.087,0.348,0.565,0.478,0.739
461,âœª,0x272a,0.043,0.609,0.348,0.304,0.652
462,â—•,0x25d5,0.043,0.478,0.478,0.435,0.7175
463,ğŸ—¼,0x1f5fc,0.087,0.304,0.609,0.522,0.761
464,â–,0x2590,0.217,0.696,0.087,-0.13,0.565
465,â™ ,0x2660,0.043,0.609,0.348,0.304,0.652
466,â”³,0x2533,0.478,0.391,0.13,-0.348,0.6739999999999999
467,ğŸ‘º,0x1f47a,0.409,0.364,0.227,-0.182,0.591
468,ğŸš,0x1f41a,0.091,0.591,0.318,0.227,0.6135
469,ğŸ‘‚,0x1f442,0.364,0.409,0.227,-0.136,0.5680000000000001
470,ğŸ—½,0x1f5fd,0.091,0.5,0.409,0.318,0.659
471,ğŸµ,0x1f375,0.182,0.273,0.545,0.364,0.6819999999999999
472,ğŸ†’,0x1f192,0.045,0.545,0.409,0.364,0.6819999999999999
473,ğŸ¯,0x1f36f,0.364,0.227,0.409,0.045,0.5225
474,ğŸº,0x1f43a,0.136,0.5,0.364,0.227,0.6135
475,â‡¨,0x21e8,0.045,0.455,0.5,0.455,0.7275
476,â¨,0x27a8,0.136,0.591,0.273,0.136,0.5680000000000001
477,ğŸŒ“,0x1f313,0.045,0.318,0.636,0.591,0.7955
478,ğŸ”’,0x1f512,0.273,0.273,0.455,0.182,0.591
479,â•¬,0x256c,0.318,0.5,0.182,-0.136,0.5680000000000001
480,ğŸ‘³,0x1f473,0.143,0.095,0.762,0.619,0.8095
481,ğŸŒ‚,0x1f302,0.143,0.476,0.381,0.238,0.619
482,ğŸšŒ,0x1f68c,0.143,0.524,0.333,0.19,0.595
483,â™©,0x2669,0.048,0.381,0.571,0.524,0.762
484,ğŸ¡,0x1f361,0.286,0.476,0.238,-0.048,0.524
485,â¥,0x2765,0.048,0.667,0.286,0.238,0.619
486,ğŸ¡,0x1f3a1,0.095,0.524,0.381,0.286,0.643
487,ğŸ’Œ,0x1f48c,0.15,0.2,0.65,0.5,0.75
488,ğŸ©,0x1f429,0.05,0.55,0.4,0.35,0.675
489,ğŸŒœ,0x1f31c,0.05,0.4,0.55,0.5,0.75
490,âŒš,0x231a,0.15,0.5,0.35,0.2,0.6
491,ğŸš¿,0x1f6bf,0.1,0.2,0.7,0.6,0.8
492,ğŸ–,0x1f416,0.05,0.75,0.2,0.15,0.575
493,ğŸ”†,0x1f506,0.05,0.35,0.6,0.55,0.775
494,ğŸŒ›,0x1f31b,0.05,0.35,0.6,0.55,0.775
495,ğŸ’‚,0x1f482,0.45,0.25,0.3,-0.15,0.575
496,ğŸ”,0x1f414,0.1,0.5,0.4,0.3,0.65
497,ğŸ™,0x1f64e,0.45,0.15,0.4,-0.05,0.525
498,ğŸ©,0x1f3e9,0.158,0.263,0.579,0.421,0.7105
499,ğŸ‡«,0x1f1eb,0.053,0.421,0.526,0.474,0.737
500,ğŸ”¨,0x1f528,0.368,0.368,0.263,-0.105,0.5525
501,ğŸ“¢,0x1f4e2,0.053,0.474,0.474,0.421,0.7105
502,ğŸ¦,0x1f426,0.053,0.474,0.474,0.421,0.7105
503,ğŸ²,0x1f432,0.158,0.737,0.105,-0.053,0.5265
504,â™»,0x267b,0.053,0.421,0.526,0.474,0.737
505,ğŸŒ˜,0x1f318,0.053,0.316,0.632,0.579,0.7895
506,ğŸ,0x1f350,0.316,0.211,0.474,0.158,0.579
507,ğŸŒ”,0x1f314,0.053,0.316,0.632,0.579,0.7895
508,â•¥,0x2565,0.368,0.158,0.474,0.105,0.5525
509,âŠ,0x274a,0.053,0.895,0.053,0.0,0.5
510,ğŸ‘–,0x1f456,0.111,0.444,0.444,0.333,0.6665
511,ğŸšº,0x1f6ba,0.167,0.5,0.333,0.167,0.5835
512,ğŸ˜—,0x1f617,0.111,0.167,0.722,0.611,0.8055
513,ğŸ­,0x1f3ad,0.333,0.333,0.333,0.0,0.5
514,ğŸ„,0x1f404,0.167,0.389,0.444,0.278,0.639
515,â—Ÿ,0x25df,0.167,0.722,0.111,-0.056,0.528
516,ğŸ¢,0x1f362,0.333,0.444,0.222,-0.111,0.5555
517,ğŸ¨,0x1f3a8,0.111,0.611,0.278,0.167,0.5835
518,â¬‡,0x2b07,0.167,0.278,0.556,0.389,0.6945
519,ğŸš¼,0x1f6bc,0.056,0.333,0.611,0.556,0.778
520,â›²,0x26f2,0.111,0.722,0.167,0.056,0.528
521,â–,0x2581,0.056,0.889,0.056,0.0,0.5
522,ğŸ‡´,0x1f1f4,0.056,0.556,0.389,0.333,0.6665
523,ğŸŒ—,0x1f317,0.056,0.278,0.667,0.611,0.8055
524,ğŸŒ–,0x1f316,0.056,0.278,0.667,0.611,0.8055
525,ğŸ”…,0x1f505,0.056,0.056,0.889,0.833,0.9165
526,ğŸ‘œ,0x1f45c,0.176,0.412,0.412,0.235,0.6174999999999999
527,ğŸŒ,0x1f40c,0.059,0.235,0.706,0.647,0.8235
528,ğŸ’¼,0x1f4bc,0.118,0.235,0.647,0.529,0.7645
529,ğŸš•,0x1f695,0.235,0.529,0.235,0.0,0.5
530,ğŸ¹,0x1f439,0.235,0.235,0.529,0.294,0.647
531,ğŸŒ ,0x1f320,0.176,0.118,0.706,0.529,0.7645
532,ğŸˆ,0x1f408,0.059,0.588,0.353,0.294,0.647
533,â‡§,0x21e7,0.059,0.765,0.176,0.118,0.5589999999999999
534,â˜,0x260e,0.176,0.647,0.176,0.0,0.5
535,ğŸŒ,0x1f301,0.118,0.588,0.294,0.176,0.588
536,âš«,0x26ab,0.235,0.294,0.471,0.235,0.6174999999999999
537,â™§,0x2667,0.059,0.412,0.529,0.471,0.7355
538,ğŸ°,0x1f3f0,0.118,0.471,0.412,0.294,0.647
539,ğŸšµ,0x1f6b5,0.059,0.529,0.412,0.353,0.6765
540,ğŸ¢,0x1f3a2,0.118,0.294,0.588,0.471,0.7355
541,ğŸ·,0x1f3b7,0.059,0.235,0.706,0.647,0.8235
542,ğŸ,0x1f390,0.059,0.706,0.235,0.176,0.588
543,â”ˆ,0x2508,0.765,0.059,0.176,-0.588,0.794
544,â•—,0x2557,0.059,0.529,0.412,0.353,0.6765
545,â•±,0x2571,0.059,0.882,0.059,0.0,0.5
546,ğŸŒ‡,0x1f307,0.063,0.375,0.563,0.5,0.75
547,â°,0x23f0,0.188,0.188,0.625,0.438,0.719
548,â‡©,0x21e9,0.063,0.875,0.063,0.0,0.5
549,ğŸš‚,0x1f682,0.063,0.625,0.313,0.25,0.625
550,â— ,0x25e0,0.063,0.438,0.5,0.438,0.719
551,ğŸ¿,0x1f3bf,0.125,0.375,0.5,0.375,0.6875
552,âœ¦,0x2726,0.063,0.813,0.125,0.063,0.5315
553,ğŸ†”,0x1f194,0.063,0.125,0.813,0.75,0.875
554,â›ª,0x26ea,0.188,0.5,0.313,0.125,0.5625
555,ğŸŒ’,0x1f312,0.063,0.313,0.625,0.563,0.7815
556,ğŸª,0x1f42a,0.063,0.313,0.625,0.563,0.7815
557,â•”,0x2554,0.063,0.625,0.313,0.25,0.625
558,â•,0x255d,0.063,0.438,0.5,0.438,0.719
559,ğŸ‘”,0x1f454,0.2,0.267,0.533,0.333,0.6665
560,ğŸ”±,0x1f531,0.267,0.4,0.333,0.067,0.5335
561,ğŸ†“,0x1f193,0.067,0.667,0.267,0.2,0.6
562,ğŸ‹,0x1f40b,0.2,0.4,0.4,0.2,0.6
563,â–½,0x25bd,0.133,0.333,0.533,0.4,0.7
564,â–‚,0x2582,0.067,0.867,0.067,0.0,0.5
565,ğŸ›,0x1f41b,0.2,0.333,0.467,0.267,0.6335
566,ğŸ‘•,0x1f455,0.133,0.333,0.533,0.4,0.7
567,ğŸš‹,0x1f68b,0.067,0.8,0.133,0.067,0.5335
568,ğŸ’³,0x1f4b3,0.133,0.333,0.533,0.4,0.7
569,ğŸŒ†,0x1f306,0.2,0.467,0.333,0.133,0.5665
570,ğŸ§,0x1f3e7,0.067,0.067,0.867,0.8,0.9
571,ğŸ’¡,0x1f4a1,0.067,0.267,0.667,0.6,0.8
572,ğŸ”¹,0x1f539,0.2,0.467,0.333,0.133,0.5665
573,â¬…,0x2b05,0.067,0.4,0.533,0.467,0.7335
574,ğŸ ,0x1f360,0.4,0.2,0.4,0.0,0.5
575,ğŸ«,0x1f42b,0.067,0.533,0.4,0.333,0.6665
576,ğŸª,0x1f3ea,0.2,0.533,0.267,0.067,0.5335
577,Û©,0x6e9,0.067,0.867,0.067,0.0,0.5
578,ğŸ‡±,0x1f1f1,0.067,0.467,0.467,0.4,0.7
579,ğŸ“¹,0x1f4f9,0.143,0.286,0.571,0.429,0.7145
580,ğŸ‘,0x1f45e,0.143,0.286,0.571,0.429,0.7145
581,ğŸš‘,0x1f691,0.286,0.357,0.357,0.071,0.5355
582,ğŸ†˜,0x1f198,0.357,0.214,0.429,0.071,0.5355
583,ğŸ‘š,0x1f45a,0.071,0.286,0.643,0.571,0.7855
584,ğŸš,0x1f68d,0.357,0.214,0.429,0.071,0.5355
585,â–¡,0x25a1,0.571,0.071,0.357,-0.214,0.607
586,ğŸ‚,0x1f402,0.143,0.571,0.286,0.143,0.5715
587,ğŸš£,0x1f6a3,0.071,0.286,0.643,0.571,0.7855
588,âœ³,0x2733,0.071,0.857,0.071,0.0,0.5
589,ğŸ‰,0x1f3c9,0.071,0.357,0.571,0.5,0.75
590,ğŸ—»,0x1f5fb,0.071,0.286,0.643,0.571,0.7855
591,ğŸ€,0x1f400,0.143,0.571,0.286,0.143,0.5715
592,â•¦,0x2566,0.071,0.5,0.429,0.357,0.6785
593,â›º,0x26fa,0.154,0.231,0.615,0.462,0.731
594,ğŸ•,0x1f415,0.154,0.462,0.385,0.231,0.6155
595,ğŸ‚,0x1f3c2,0.154,0.308,0.538,0.385,0.6925
596,ğŸ‘¡,0x1f461,0.154,0.308,0.538,0.385,0.6925
597,ğŸ“»,0x1f4fb,0.154,0.385,0.462,0.308,0.654
598,âœ’,0x2712,0.154,0.462,0.385,0.231,0.6155
599,ğŸŒ°,0x1f330,0.077,0.308,0.615,0.538,0.769
600,ğŸ¢,0x1f3e2,0.077,0.692,0.231,0.154,0.577
601,ğŸ’,0x1f392,0.154,0.231,0.615,0.462,0.731
602,âŒ’,0x2312,0.077,0.308,0.615,0.538,0.769
603,ğŸ«,0x1f3eb,0.538,0.154,0.308,-0.231,0.6155
604,ğŸ“´,0x1f4f4,0.154,0.077,0.769,0.615,0.8075
605,ğŸš¢,0x1f6a2,0.308,0.154,0.538,0.231,0.6155
606,ğŸšš,0x1f69a,0.231,0.615,0.154,-0.077,0.5385
607,ğŸ‰,0x1f409,0.077,0.692,0.231,0.154,0.577
608,â’,0x2752,0.077,0.615,0.308,0.231,0.6155
609,ğŸŠ,0x1f40a,0.231,0.462,0.308,0.077,0.5385
610,ğŸ””,0x1f514,0.077,0.077,0.846,0.769,0.8845000000000001
611,â—¢,0x25e2,0.077,0.231,0.692,0.615,0.8075
612,ğŸ¥,0x1f3e5,0.167,0.417,0.417,0.25,0.625
613,â”,0x2754,0.333,0.333,0.333,0.0,0.5
614,ğŸš–,0x1f696,0.333,0.417,0.25,-0.083,0.5415
615,ğŸƒ,0x1f0cf,0.333,0.25,0.417,0.083,0.5415
616,â–¼,0x25bc,0.25,0.417,0.333,0.083,0.5415
617,â–Œ,0x258c,0.417,0.417,0.167,-0.25,0.625
618,â˜›,0x261b,0.083,0.5,0.417,0.333,0.6665
619,âœ©,0x2729,0.083,0.833,0.083,0.0,0.5
620,ğŸ’’,0x1f492,0.083,0.333,0.583,0.5,0.75
621,ğŸš¤,0x1f6a4,0.083,0.5,0.417,0.333,0.6665
622,ğŸ,0x1f410,0.083,0.417,0.5,0.417,0.7085
623,â– ,0x25a0,0.5,0.25,0.25,-0.25,0.625
624,ğŸ”š,0x1f51a,0.167,0.333,0.5,0.333,0.6665
625,ğŸ»,0x1f3bb,0.083,0.5,0.417,0.333,0.6665
626,ğŸ”·,0x1f537,0.083,0.667,0.25,0.167,0.5835
627,ğŸš¦,0x1f6a6,0.25,0.417,0.333,0.083,0.5415
628,ğŸ”“,0x1f513,0.333,0.25,0.417,0.083,0.5415
629,ğŸ½,0x1f3bd,0.083,0.417,0.5,0.417,0.7085
630,ğŸ“…,0x1f4c5,0.25,0.333,0.417,0.167,0.5835
631,ğŸº,0x1f3ba,0.167,0.083,0.75,0.583,0.7915
632,âœ¯,0x272f,0.083,0.833,0.083,0.0,0.5
633,ğŸˆ,0x1f348,0.583,0.167,0.25,-0.333,0.6665
634,âœ‰,0x2709,0.167,0.417,0.417,0.25,0.625
635,â•£,0x2563,0.083,0.833,0.083,0.0,0.5
636,â—¤,0x25e4,0.083,0.083,0.833,0.75,0.875
637,â—‹,0x25cb,0.091,0.364,0.545,0.455,0.7275
638,ğŸ¼,0x1f37c,0.182,0.182,0.636,0.455,0.7275
639,ğŸ“€,0x1f4c0,0.182,0.545,0.273,0.091,0.5455
640,ğŸš›,0x1f69b,0.273,0.636,0.091,-0.182,0.591
641,ğŸ““,0x1f4d3,0.182,0.455,0.364,0.182,0.591
642,â˜‰,0x2609,0.091,0.636,0.273,0.182,0.591
643,ğŸ’´,0x1f4b4,0.364,0.455,0.182,-0.182,0.591
644,â”¼,0x253c,0.273,0.455,0.273,0.0,0.5
645,ğŸƒ,0x1f403,0.091,0.818,0.091,0.0,0.5
646,â°,0x27b0,0.455,0.182,0.364,-0.091,0.5455
647,ğŸ”Œ,0x1f50c,0.364,0.364,0.273,-0.091,0.5455
648,ğŸ„,0x1f344,0.273,0.455,0.273,0.0,0.5
649,ğŸ“•,0x1f4d5,0.182,0.455,0.364,0.182,0.591
650,ğŸ“£,0x1f4e3,0.182,0.273,0.545,0.364,0.6819999999999999
651,ğŸš“,0x1f693,0.091,0.545,0.364,0.273,0.6365000000000001
652,ğŸ—,0x1f417,0.091,0.364,0.545,0.455,0.7275
653,â†ª,0x21aa,0.091,0.727,0.182,0.091,0.5455
654,â›³,0x26f3,0.091,0.182,0.727,0.636,0.8180000000000001
655,â”»,0x253b,0.636,0.091,0.273,-0.364,0.6819999999999999
656,â”›,0x251b,0.091,0.273,0.636,0.545,0.7725
657,â”ƒ,0x2503,0.091,0.455,0.455,0.364,0.6819999999999999
658,ğŸ‘±,0x1f471,0.2,0.5,0.3,0.1,0.55
659,â³,0x23f3,0.4,0.2,0.4,0.0,0.5
660,ğŸ’º,0x1f4ba,0.2,0.4,0.4,0.2,0.6
661,ğŸ‡,0x1f3c7,0.4,0.3,0.3,-0.1,0.55
662,â˜»,0x263b,0.2,0.4,0.4,0.2,0.6
663,ğŸ“,0x1f4de,0.1,0.4,0.5,0.4,0.7
664,â’¶,0x24b6,0.3,0.5,0.2,-0.1,0.55
665,ğŸŒ‰,0x1f309,0.1,0.3,0.6,0.5,0.75
666,ğŸš©,0x1f6a9,0.4,0.4,0.2,-0.2,0.6
667,âœ,0x270e,0.1,0.3,0.6,0.5,0.75
668,ğŸ“ƒ,0x1f4c3,0.1,0.4,0.5,0.4,0.7
669,ğŸ¨,0x1f3e8,0.1,0.6,0.3,0.2,0.6
670,ğŸ“Œ,0x1f4cc,0.6,0.2,0.2,-0.4,0.7
671,â™,0x264e,0.3,0.5,0.2,-0.1,0.55
672,ğŸ’·,0x1f4b7,0.1,0.4,0.5,0.4,0.7
673,ğŸš„,0x1f684,0.1,0.3,0.6,0.5,0.75
674,â–²,0x25b2,0.1,0.3,0.6,0.5,0.75
675,â›µ,0x26f5,0.1,0.3,0.6,0.5,0.75
676,ğŸ”¸,0x1f538,0.1,0.6,0.3,0.2,0.6
677,âŒ›,0x231b,0.3,0.3,0.4,0.1,0.55
678,ğŸšœ,0x1f69c,0.1,0.1,0.8,0.7,0.85
679,ğŸ†,0x1f406,0.1,0.5,0.4,0.3,0.65
680,ğŸ‘’,0x1f452,0.2,0.4,0.4,0.2,0.6
681,â•,0x2755,0.2,0.4,0.4,0.2,0.6
682,ğŸ”›,0x1f51b,0.2,0.2,0.6,0.4,0.7
683,â™¢,0x2662,0.1,0.5,0.4,0.3,0.65
684,ğŸ‡²,0x1f1f2,0.1,0.4,0.5,0.4,0.7
685,â…,0x2745,0.1,0.2,0.7,0.6,0.8
686,ğŸ‘,0x1f45d,0.222,0.222,0.556,0.333,0.6665
687,âœ,0x271e,0.111,0.444,0.444,0.333,0.6665
688,â—¡,0x25e1,0.111,0.556,0.333,0.222,0.611
689,ğŸ‹,0x1f38b,0.222,0.111,0.667,0.444,0.722
690,ğŸ‘¥,0x1f465,0.222,0.333,0.444,0.222,0.611
691,ğŸ“µ,0x1f4f5,0.222,0.444,0.333,0.111,0.5555
692,ğŸ¡,0x1f421,0.111,0.556,0.333,0.222,0.611
693,â—†,0x25c6,0.111,0.222,0.667,0.556,0.778
694,ğŸ¯,0x1f3ef,0.111,0.667,0.222,0.111,0.5555
695,â˜‚,0x2602,0.222,0.556,0.222,0.0,0.5
696,ğŸ”­,0x1f52d,0.111,0.444,0.444,0.333,0.6665
697,ğŸª,0x1f3aa,0.111,0.556,0.333,0.222,0.611
698,ğŸœ,0x1f41c,0.111,0.333,0.556,0.444,0.722
699,â™Œ,0x264c,0.111,0.222,0.667,0.556,0.778
700,â˜,0x2610,0.778,0.111,0.111,-0.667,0.8335
701,ğŸ‘·,0x1f477,0.222,0.333,0.444,0.222,0.611
702,â†³,0x21b3,0.111,0.778,0.111,0.0,0.5
703,ğŸ”ˆ,0x1f508,0.111,0.556,0.333,0.222,0.611
704,ğŸ“„,0x1f4c4,0.111,0.111,0.778,0.667,0.8335
705,ğŸ“,0x1f4cd,0.222,0.444,0.333,0.111,0.5555
706,ğŸš,0x1f690,0.111,0.222,0.667,0.556,0.778
707,ğŸš”,0x1f694,0.222,0.556,0.222,0.0,0.5
708,ğŸŒ‹,0x1f30b,0.111,0.333,0.556,0.444,0.722
709,ğŸ“¡,0x1f4e1,0.222,0.333,0.444,0.222,0.611
710,â©,0x23e9,0.111,0.667,0.222,0.111,0.5555
711,ğŸš³,0x1f6b3,0.111,0.111,0.778,0.667,0.8335
712,âœ˜,0x2718,0.111,0.222,0.667,0.556,0.778
713,Û,0x6de,0.111,0.778,0.111,0.0,0.5
714,â˜¾,0x263e,0.111,0.778,0.111,0.0,0.5
715,ğŸ…°,0x1f170,0.222,0.333,0.444,0.222,0.611
716,ğŸ“¥,0x1f4e5,0.111,0.778,0.111,0.0,0.5
717,ğŸ‡¼,0x1f1fc,0.111,0.444,0.444,0.333,0.6665
718,â”“,0x2513,0.111,0.333,0.556,0.444,0.722
719,â”£,0x2523,0.111,0.333,0.556,0.444,0.722
720,â“,0x24c1,0.111,0.444,0.444,0.333,0.6665
721,â’º,0x24ba,0.111,0.444,0.444,0.333,0.6665
722,ğŸ”¦,0x1f526,0.125,0.75,0.125,0.0,0.5
723,ğŸ‘¤,0x1f464,0.125,0.25,0.625,0.5,0.75
724,ğŸš,0x1f681,0.125,0.625,0.25,0.125,0.5625
725,ğŸ ,0x1f3a0,0.125,0.375,0.5,0.375,0.6875
726,ğŸ,0x1f401,0.375,0.5,0.125,-0.25,0.625
727,ğŸ“—,0x1f4d7,0.25,0.375,0.375,0.125,0.5625
728,â”,0x2510,0.375,0.375,0.25,-0.125,0.5625
729,â˜®,0x262e,0.375,0.25,0.375,0.0,0.5
730,â™‚,0x2642,0.125,0.625,0.25,0.125,0.5625
731,â—,0x25de,0.25,0.5,0.25,0.0,0.5
732,ğŸ“¯,0x1f4ef,0.25,0.625,0.125,-0.125,0.5625
733,ğŸ”©,0x1f529,0.25,0.375,0.375,0.125,0.5625
734,ğŸ‘¢,0x1f462,0.125,0.25,0.625,0.5,0.75
735,â—‚,0x25c2,0.125,0.5,0.375,0.25,0.625
736,ğŸ“°,0x1f4f0,0.25,0.25,0.5,0.25,0.625
737,ğŸ“¶,0x1f4f6,0.125,0.5,0.375,0.25,0.625
738,ğŸš¥,0x1f6a5,0.25,0.5,0.25,0.0,0.5
739,ğŸŒ„,0x1f304,0.125,0.625,0.25,0.125,0.5625
740,ğŸ—¾,0x1f5fe,0.125,0.5,0.375,0.25,0.625
741,ğŸ”¶,0x1f536,0.125,0.5,0.375,0.25,0.625
742,ğŸ¤,0x1f3e4,0.125,0.5,0.375,0.25,0.625
743,ğŸ©,0x1f3a9,0.125,0.5,0.375,0.25,0.625
744,â“‚,0x24c2,0.25,0.25,0.5,0.25,0.625
745,ğŸ”§,0x1f527,0.625,0.125,0.25,-0.375,0.6875
746,ğŸ…,0x1f405,0.125,0.625,0.25,0.125,0.5625
747,â™®,0x266e,0.125,0.625,0.25,0.125,0.5625
748,ğŸ…¾,0x1f17e,0.375,0.375,0.25,-0.125,0.5625
749,ğŸ”„,0x1f504,0.125,0.75,0.125,0.0,0.5
750,â˜„,0x2604,0.125,0.75,0.125,0.0,0.5
751,â˜¨,0x2628,0.125,0.75,0.125,0.0,0.5
